file,template
2022-03-22_n-69ulSDAgo.jpg,L
2022-04-19_j0Y-JKbvf6A.jpg,LX
2022-05-03_AnGlikEM9FE.jpg,L
2022-08-25_7dQknaDHrg8.jpg,L3
2022-09-15_2NcHVm8vHcs.jpg,L
2022-09-29_qfHkA7VtqQQ.jpg,L
2022-10-13_RELphO0rEtY.jpg,L
2022-12-22_X4R70ouTHJM.jpg,L
2023-01-05_uPebyHegEL8.jpg,L
2023-01-19_mzs34iLiiGM.jpg,LL
2023-02-02_jnDTO0gdCXU.jpg,L
2023-03-30_n2LrrZhf69w.jpg,R
2023-05-11_CCY0QrF96SM.jpg,L
2023-05-25_djUpEfjkqjM.jpg,L
2023-06-08_cfjbMBtV964.jpg,L
2023-07-06_mfoW51SjSiI.jpg,LL
2023-08-03_MUG3KvUOlC4.jpg,GR
2023-08-17_hWxKx2b7Efk.jpg,L3
2023-08-31_93_gJeXBboI.jpg,RL
2023-09-28_S5zEfntj0_s.jpg,L
2023-10-12_L7t0eUHUI6A.jpg,L
2023-10-26_K3G_kyMJWWg.jpg,L
2023-11-23_X0LjF8Nx0WY.jpg,LL
2023-12-21_YBE9PSomzUA.jpg,LL
2024-01-04_xJZXiqqzQ_k.jpg,L
2024-02-01_cY21_0cufeM.jpg,L
2024-02-16_OkIxqUQX7ac.jpg,R
2024-02-29_EF42v7a5lKA.jpg,RL
2024-03-14_ix4nf6Hyx2k.jpg,R
2024-03-28_ZokPZxPcbPk.jpg,R
2024-04-11_RwRauwin3LA.jpg,L
2024-04-25_0f3_et0tJhI.jpg,L
2024-05-10_b023zAzuxik.jpg,L3
2024-05-23_ilIkmhhwFpY.jpg,L3
2024-06-20_V0wAkKKbtyw.jpg,GR
2024-07-04_QSY0cYhluEc.jpg,GR
2024-07-18_kn-EAXx_lIM.jpg,GR
2024-08-01_fROmsJr8mMc.jpg,GR
2024-10-10_nW6CP6hVJ-4.jpg,GR
2024-10-24_MpKNRw8NTkI.jpg,B
2024-11-07_5GhsgOU5kdI.jpg,GR
2024-11-21_X2awBuxrkf8.jpg,B
2024-12-05_514Ao55HLko.jpg,B
2024-12-20_P8DKKlbXyag.jpg,B
2025-01-02_XrolwTdPLcU.jpg,B
2025-01-17_MSO4l5y8d34.jpg,B
2025-01-31_K6yOa3v1u0Y.jpg,B
2025-02-14_tn_KPfopNxM.jpg,B
2025-03-01_77KwnIXkjlM.jpg,B
2025-03-15_iZ-RkOJK5uo.jpg,B
2025-04-10_fEU7cM6PRr4.jpg,B
2025-04-25_ChhVEmQMg18.jpg,B
2025-05-22_oOA9CTlrMBc.jpg,B
2025-06-05_jIPVjkPVFtk.jpg,C
2025-06-19_SRlpOgVl_-c.jpg,C
2025-07-04_OWCzHN41pYw.jpg,C
2025-07-18_ovc6gH0iLW8.jpg,C
2025-07-31_09RlEVnHfSM.jpg,C
2025-08-14_354jVImN6AU.jpg,C
2025-08-28_zbAgzN2WjME.jpg,C
2025-09-12_U65aKoyiX08.jpg,B
2025-09-29_LslRksGWsfw.jpg,C
2025-10-09_kmxueK7i4x4.jpg,C
2025-10-24_iDO8lv9Xz8o.jpg,C
2025-11-20_pgetmiZqsZw.jpg,D
2025-12-04_PgnuDkg3IQI.jpg,D
2025-12-27_ASAKXCrhQyo.jpg,B
2026-02-03_CUbP12ucC5A.jpg,D
2026-02-14_QYWgA71hbOQ.jpg,D
2026-02-26_1BrwUVr532A.jpg,D
2026-04-16_LZQCVGajdac.jpg,D
2026-04-30_6OQ2fWBvZmw.jpg,D
2026-06-04_azaH2Jc3giE.jpg,D
2026-06-19_jz3nV73J6jc.jpg,D
2026-07-02_mGeKes9UDV4.jpg,D
2026-07-16_tjJYwHJGUNo.jpg,D
2026-08-06_zHMFW-uo9Mo.jpg,D
2026-08-25_zu1PsliXwmw.jpg,D
